000002万科A2012年年度报告.(1848k).PDF,http://static.cninfo.com.cn/finalpage/2013-02-28/62162993.PDF
000002万科A2013年年度报告.(5883k).PDF,http://static.cninfo.com.cn/finalpage/2014-03-07/63646582.PDF
000002万科A2014年年度报告.(1613k).PDF,http://static.cninfo.com.cn/finalpage/2015-03-31/1200767951.PDF
000002万科A2015年年度报告(更新后).(5100k).PDF,http://static.cninfo.com.cn/finalpage/2017-04-18/1203314633.PDF
000002万科A2015年年度报告.(5100k).PDF,http://static.cninfo.com.cn/finalpage/2016-03-14/1202041162.PDF
000002万科A2016年年度报告.(7094k).PDF,http://static.cninfo.com.cn/finalpage/2017-03-27/1203197044.PDF
000004国农科技2012年年度报告.(4763k).PDF,http://static.cninfo.com.cn/finalpage/2013-04-20/62392061.PDF
000004国农科技2013年年度报告.(3358k).PDF,http://static.cninfo.com.cn/finalpage/2014-04-22/63889879.PDF
000004国农科技2014年年度报告(更新后).(2091k).PDF,http://static.cninfo.com.cn/finalpage/2015-05-04/1200957568.PDF
000004国农科技2015年年度报告.(2178k).PDF,http://static.cninfo.com.cn/finalpage/2016-04-30/1202281264.PDF
000004国农科技2016年年度报告(更新后).(2233k).PDF,http://static.cninfo.com.cn/finalpage/2017-05-17/1203525398.PDF
000005世纪星源2012年年度报告(更新后).(2265k).PDF,http://static.cninfo.com.cn/finalpage/2013-06-15/62582845.PDF
000005世纪星源2013年年度报告.(2338k).PDF,http://static.cninfo.com.cn/finalpage/2014-04-26/63926079.PDF
